produit,modèle_gagnant,MAE,RMSE,MAPE (%),sMAPE (%),points_testes
T-shirt Basique,Régression linéaire,8.90167813941118,12.592076527844732,22.3037891464279,18.55499233224777,16
Jean Slim,Régression linéaire,5.949251941345846,7.511655499270033,25.63645324955323,21.96861465972713,16
Sweat à Capuche,Holt,5.681140868729427,7.411370232571,25.575625766468253,23.970051076492027,16
Chaussettes (Lot de 3),Régression linéaire,4.904927683419279,6.606761799023476,57.17518821692137,45.92404760536084,16
Écharpe Hiver,Régression linéaire,11.319798095160063,15.14034504319105,135.7812875908487,111.12098976588447,16
Veste en Jean,Régression linéaire,5.8564005900556495,7.070824672848052,54.98836179976557,69.25183958769887,16
Casquette,Régression linéaire,5.340163730355883,6.072128680811724,71.39782609843833,93.90855954301833,16
Ceinture Cuir,Régression linéaire,6.275197163218769,6.908818830269852,113.83621247923826,84.63180168446064,16
Maillot de Bain,Régression linéaire,8.18918198478284,10.445174201072545,122.46679188469807,111.66926125014834,16
